period,cba_ae,cba_family,idx,mom,yoy
2024-11,100.0,309.0,100.0,,
2024-12,110.0,339.9,110.00000000000001,10.000000000000009,
